{
  "strategy": "flow",
  "timestamp": "2026-01-06T01:53:20.473870+00:00",
  "optimization_time_seconds": 4.794577121734619,
  "n_iterations": 26,
  "best_params": {
    "take_profit_pct": 0.0603461979938931,
    "stop_loss_pct": 0.08063360790735917,
    "max_position_pct": 0.10024153610691577
  },
  "best_cv_score": -5.000050927224461,
  "best_holdout_score": -5.000050927224461,
  "fold_scores": [
    -5.000050927224461,
    -5.000050927224461,
    -5.000050927224461
  ],
  "cv_std": 0.0,
  "bootstrap_mean": -5.0000509272244615,
  "bootstrap_std": 8.881784197001252e-16,
  "is_robust": "True",
  "overfitting_ratio": 1.0,
  "holdout_trades": 36,
  "holdout_return_pct": -0.5650842491886349,
  "holdout_sharpe": -11.608943224855032
}